Account,classification,total_pnl,avg_pnl_per_trade,win_rate_pct,total_volume_usd,trade_count
0x083384f897ee0f19899168e3b1bec365f52a9012,Extreme Fear,124769.22,1247.69,37.0,1507100.86,100
0x083384f897ee0f19899168e3b1bec365f52a9012,Extreme Greed,-40282.34,-42.63,6.67,11415855.67,945
0x083384f897ee0f19899168e3b1bec365f52a9012,Fear,1113373.55,626.19,52.64,30262439.89,1778
0x083384f897ee0f19899168e3b1bec365f52a9012,Greed,276719.27,482.09,16.03,8686990.84,574
0x083384f897ee0f19899168e3b1bec365f52a9012,Neutral,125650.12,298.46,58.19,9824876.71,421
0x23e7a7f8d14b550961925fbfdaa92f5d195ba5bd,Extreme Fear,-4235.15,-24.91,30.0,366532.65,170
0x23e7a7f8d14b550961925fbfdaa92f5d195ba5bd,Extreme Greed,35658.89,43.22,57.7,1523508.3,825
0x23e7a7f8d14b550961925fbfdaa92f5d195ba5bd,Fear,-1658.74,-0.63,47.83,2573742.54,2622
0x23e7a7f8d14b550961925fbfdaa92f5d195ba5bd,Greed,30053.4,10.21,40.16,6487032.05,2943
0x23e7a7f8d14b550961925fbfdaa92f5d195ba5bd,Neutral,-11933.08,-16.57,36.11,1084672.12,720
0x271b280974205ca63b716753467d5a371de622ab,Extreme Fear,16706.88,20.96,37.64,4886973.24,797
0x271b280974205ca63b716753467d5a371de622ab,Extreme Greed,1793.16,358.63,80.0,159708.3,5
0x271b280974205ca63b716753467d5a371de622ab,Fear,30121.91,16.13,38.22,13491850.52,1868
0x271b280974205ca63b716753467d5a371de622ab,Greed,-100019.81,-185.22,24.44,10486688.13,540
0x271b280974205ca63b716753467d5a371de622ab,Neutral,-19038.34,-31.78,0.0,4848220.23,599
0x28736f43f1e871e6aa8b1148d38d4994275d72c4,Extreme Fear,-25666.01,-44.71,28.75,463208.61,574
0x28736f43f1e871e6aa8b1148d38d4994275d72c4,Extreme Greed,108009.96,14.44,44.45,3277267.08,7481
0x28736f43f1e871e6aa8b1148d38d4994275d72c4,Fear,13422.52,9.59,43.03,917809.07,1399
0x28736f43f1e871e6aa8b1148d38d4994275d72c4,Greed,31192.59,10.5,44.85,1489279.85,2970
0x28736f43f1e871e6aa8b1148d38d4994275d72c4,Neutral,5505.75,6.21,46.67,609457.49,887
0x2c229d22b100a7beb69122eed721cee9b24011dd,Extreme Fear,11415.25,101.92,68.75,277460.03,112
0x2c229d22b100a7beb69122eed721cee9b24011dd,Extreme Greed,90895.05,61.5,48.78,5039569.4,1478
0x2c229d22b100a7beb69122eed721cee9b24011dd,Fear,3979.19,10.44,43.31,584523.86,381
0x2c229d22b100a7beb69122eed721cee9b24011dd,Greed,20075.67,79.35,54.15,1022433.76,253
0x2c229d22b100a7beb69122eed721cee9b24011dd,Neutral,42292.84,41.67,57.54,3242893.15,1015
0x3998f134d6aaa2b6a5f723806d00fd2bbbbce891,Extreme Fear,-56967.83,-216.61,11.03,426110.78,263
0x3998f134d6aaa2b6a5f723806d00fd2bbbbce891,Extreme Greed,30992.18,192.5,45.96,449446.74,161
0x3998f134d6aaa2b6a5f723806d00fd2bbbbce891,Fear,-467.06,-1.82,67.97,338174.45,256
0x3998f134d6aaa2b6a5f723806d00fd2bbbbce891,Greed,-3531.99,-34.63,72.55,156310.59,102
0x3998f134d6aaa2b6a5f723806d00fd2bbbbce891,Neutral,-1228.91,-37.24,60.61,39859.44,33
0x39cef799f8b69da1995852eea189df24eb5cae3c,Extreme Fear,-76179.49,-45.67,30.22,6740754.44,1668
0x39cef799f8b69da1995852eea189df24eb5cae3c,Extreme Greed,14406.38,125.27,49.57,546525.63,115
0x39cef799f8b69da1995852eea189df24eb5cae3c,Fear,54685.02,37.18,32.22,6207226.96,1471
0x39cef799f8b69da1995852eea189df24eb5cae3c,Greed,10591.76,168.12,44.44,733557.1,63
0x39cef799f8b69da1995852eea189df24eb5cae3c,Neutral,10953.25,40.27,41.54,2965311.29,272
0x3f9a0aadc7f04a7c9d75dc1b5a6ddd6e36486cf6,Extreme Fear,110.55,5.82,100.0,64377.46,19
0x3f9a0aadc7f04a7c9d75dc1b5a6ddd6e36486cf6,Extreme Greed,36870.16,178.98,36.89,554152.63,206
0x3f9a0aadc7f04a7c9d75dc1b5a6ddd6e36486cf6,Fear,4256.56,53.88,62.03,337546.24,79
0x3f9a0aadc7f04a7c9d75dc1b5a6ddd6e36486cf6,Greed,4239.82,163.07,50.0,124084.75,26
0x3f9a0aadc7f04a7c9d75dc1b5a6ddd6e36486cf6,Neutral,8019.16,4009.58,50.0,63735.38,2
0x420ab45e0bd8863569a5efbb9c05d91f40624641,Extreme Fear,9461.08,155.1,4.92,149251.29,61
0x420ab45e0bd8863569a5efbb9c05d91f40624641,Extreme Greed,4019.62,37.22,23.15,347816.12,108
0x420ab45e0bd8863569a5efbb9c05d91f40624641,Fear,99648.28,1016.82,35.71,617413.63,98
0x420ab45e0bd8863569a5efbb9c05d91f40624641,Greed,12082.95,177.69,2.94,670213.14,68
0x420ab45e0bd8863569a5efbb9c05d91f40624641,Neutral,74293.66,1547.78,52.08,202833.43,48
0x430f09841d65beb3f27765503d0f850b8bce7713,Extreme Fear,0.0,0.0,0.0,440050.95,79
0x430f09841d65beb3f27765503d0f850b8bce7713,Extreme Greed,124284.95,8285.66,100.0,124285.34,15
0x430f09841d65beb3f27765503d0f850b8bce7713,Fear,5615.05,23.69,10.13,601013.33,237
0x430f09841d65beb3f27765503d0f850b8bce7713,Greed,227680.49,294.92,63.73,1174862.15,772
0x430f09841d65beb3f27765503d0f850b8bce7713,Neutral,58961.38,440.01,50.75,625897.45,134
0x47add9a56df66b524d5e2c1993a43cde53b6ed85,Extreme Fear,-14527.44,-37.15,26.34,224065.46,391
0x47add9a56df66b524d5e2c1993a43cde53b6ed85,Extreme Greed,67275.95,21.36,34.29,1707644.17,3150
0x47add9a56df66b524d5e2c1993a43cde53b6ed85,Fear,9999.48,10.82,37.66,498888.4,924
0x47add9a56df66b524d5e2c1993a43cde53b6ed85,Greed,36566.48,10.76,35.08,1667155.83,3398
0x47add9a56df66b524d5e2c1993a43cde53b6ed85,Neutral,4029.24,6.14,43.9,311075.04,656
0x4acb90e786d897ecffb614dc822eb231b4ffb9f4,Extreme Fear,166696.4,169.06,30.93,10441684.57,986
0x4acb90e786d897ecffb614dc822eb231b4ffb9f4,Extreme Greed,20496.05,122.73,35.93,878585.38,167
0x4acb90e786d897ecffb614dc822eb231b4ffb9f4,Fear,296781.72,212.59,40.9,18227807.74,1396
0x4acb90e786d897ecffb614dc822eb231b4ffb9f4,Greed,96392.78,84.93,59.56,6357516.12,1135
0x4acb90e786d897ecffb614dc822eb231b4ffb9f4,Neutral,97380.09,144.91,75.3,3667355.44,672
0x4f93fead39b70a1824f981a54d4e55b278e9f760,Extreme Fear,74346.55,200.4,42.86,9319233.83,371
0x4f93fead39b70a1824f981a54d4e55b278e9f760,Extreme Greed,129217.69,52.83,33.36,45776822.49,2446
0x4f93fead39b70a1824f981a54d4e55b278e9f760,Fear,-19126.16,-16.55,35.55,17929601.08,1156
0x4f93fead39b70a1824f981a54d4e55b278e9f760,Greed,79023.47,33.86,34.36,34783947.19,2334
0x4f93fead39b70a1824f981a54d4e55b278e9f760,Neutral,45514.32,35.64,42.68,21862924.69,1277
0x513b8629fe877bb581bf244e326a047b249c4ff1,Extreme Fear,-71121.82,-205.55,30.35,3336829.22,346
0x513b8629fe877bb581bf244e326a047b249c4ff1,Extreme Greed,0.0,0.0,0.0,727332.09,223
0x513b8629fe877bb581bf244e326a047b249c4ff1,Fear,367166.22,61.39,37.05,225087033.36,5981
0x513b8629fe877bb581bf244e326a047b249c4ff1,Greed,163047.66,51.45,37.65,121999299.14,3169
0x513b8629fe877bb581bf244e326a047b249c4ff1,Neutral,381330.49,151.5,55.42,69726062.55,2517
0x6d6a4b953f202f8df5bed40692e7fd865318264a,Extreme Fear,2037.26,14.25,30.77,146503.36,143
0x6d6a4b953f202f8df5bed40692e7fd865318264a,Extreme Greed,73192.08,428.02,89.47,106012.87,171
0x6d6a4b953f202f8df5bed40692e7fd865318264a,Fear,2040.36,5.68,22.01,305149.83,359
0x6d6a4b953f202f8df5bed40692e7fd865318264a,Greed,30203.4,125.33,50.62,132946.9,241
0x6d6a4b953f202f8df5bed40692e7fd865318264a,Neutral,1258.12,20.62,37.7,37444.55,61
0x72743ae2822edd658c0c50608fd7c5c501b2afbd,Extreme Fear,33980.0,66.76,61.3,3177278.19,509
0x72743ae2822edd658c0c50608fd7c5c501b2afbd,Extreme Greed,0.0,0.0,0.0,1811199.98,98
0x72743ae2822edd658c0c50608fd7c5c501b2afbd,Fear,-58219.75,-187.2,16.08,1330382.25,311
0x72743ae2822edd658c0c50608fd7c5c501b2afbd,Greed,453595.32,764.92,31.7,5049640.49,593
0x72743ae2822edd658c0c50608fd7c5c501b2afbd,Neutral,0.0,0.0,0.0,106000.01,79
0x72c6a4624e1dffa724e6d00d64ceae698af892a0,Extreme Fear,198900.56,900.0,42.08,577683.56,221
0x72c6a4624e1dffa724e6d00d64ceae698af892a0,Extreme Greed,573.59,2.53,0.44,588648.11,227
0x72c6a4624e1dffa724e6d00d64ceae698af892a0,Fear,144514.34,335.3,64.5,631747.95,431
0x72c6a4624e1dffa724e6d00d64ceae698af892a0,Greed,21077.72,43.19,12.3,1023144.63,488
0x72c6a4624e1dffa724e6d00d64ceae698af892a0,Neutral,-4526.7,-79.42,0.0,141251.22,57
0x75f7eeb85dc639d5e99c78f95393aa9a5f1170d4,Extreme Fear,25672.84,81.24,91.46,1079447.85,316
0x75f7eeb85dc639d5e99c78f95393aa9a5f1170d4,Extreme Greed,210726.86,55.01,85.46,12164067.59,3831
0x75f7eeb85dc639d5e99c78f95393aa9a5f1170d4,Fear,49364.28,29.67,77.94,3316716.23,1664
0x75f7eeb85dc639d5e99c78f95393aa9a5f1170d4,Greed,95937.39,36.65,80.79,6523818.28,2618
0x75f7eeb85dc639d5e99c78f95393aa9a5f1170d4,Neutral,-2605.96,-1.78,71.52,2645447.29,1464
0x7f4f299f74eec87806a830e3caa9afa5f2b9db8f,Extreme Fear,3222.82,3.91,47.39,2847955.28,825
0x7f4f299f74eec87806a830e3caa9afa5f2b9db8f,Extreme Greed,1260.83,420.28,33.33,18780.48,3
0x7f4f299f74eec87806a830e3caa9afa5f2b9db8f,Fear,4036.55,7.42,46.88,2004454.72,544
0x7f4f299f74eec87806a830e3caa9afa5f2b9db8f,Greed,6775.29,81.63,53.01,329588.6,83
0x7f4f299f74eec87806a830e3caa9afa5f2b9db8f,Neutral,-395.06,-3.8,13.46,643705.37,104
0x8170715b3b381dffb7062c0298972d4727a0a63b,Extreme Fear,12713.49,79.96,27.67,816051.26,159
0x8170715b3b381dffb7062c0298972d4727a0a63b,Extreme Greed,-19135.91,-195.26,5.1,206332.51,98
0x8170715b3b381dffb7062c0298972d4727a0a63b,Fear,151292.73,86.7,29.68,4170375.08,1745
0x8170715b3b381dffb7062c0298972d4727a0a63b,Greed,-360101.9,-217.85,54.69,2908242.68,1653
0x8170715b3b381dffb7062c0298972d4727a0a63b,Neutral,47610.46,50.33,30.66,2042756.6,946
0x8381e6d82f1affd39a336e143e081ef7620a3b7f,Extreme Fear,-4825.5,-98.48,20.41,289506.08,49
0x8381e6d82f1affd39a336e143e081ef7620a3b7f,Extreme Greed,11.72,0.15,2.5,135211.26,80
0x8381e6d82f1affd39a336e143e081ef7620a3b7f,Fear,258.42,4.7,34.55,100479.48,55
0x8381e6d82f1affd39a336e143e081ef7620a3b7f,Greed,57108.91,192.29,48.15,7343356.08,297
0x8381e6d82f1affd39a336e143e081ef7620a3b7f,Neutral,12960.11,9.06,31.96,4130620.47,1430
0x8477e447846c758f5a675856001ea72298fd9cb5,Extreme Fear,1774.31,3.29,25.05,738773.05,539
0x8477e447846c758f5a675856001ea72298fd9cb5,Extreme Greed,56071.41,14.07,33.62,3752401.08,3986
0x8477e447846c758f5a675856001ea72298fd9cb5,Fear,9299.48,6.31,32.7,1182485.92,1474
0x8477e447846c758f5a675856001ea72298fd9cb5,Greed,-24036.54,-3.53,19.91,4577661.86,6804
0x8477e447846c758f5a675856001ea72298fd9cb5,Neutral,808.34,0.37,28.11,2053464.93,2195
0x92f17e8d81a944691c10e753af1b1baae1a2cd0d,Extreme Fear,3425.96,50.38,48.53,653351.5,68
0x92f17e8d81a944691c10e753af1b1baae1a2cd0d,Extreme Greed,63520.27,41.01,27.95,3665028.12,1549
0x92f17e8d81a944691c10e753af1b1baae1a2cd0d,Fear,-621.55,-3.25,0.0,1513049.15,191
0x92f17e8d81a944691c10e753af1b1baae1a2cd0d,Greed,60254.25,50.25,33.78,4734259.0,1199
0x92f17e8d81a944691c10e753af1b1baae1a2cd0d,Neutral,0.0,0.0,0.0,426667.97,45
0xa0feb3725a9335f49874d7cd8eaad6be45b27416,Extreme Fear,1011.26,3.75,22.59,162539.17,270
0xa0feb3725a9335f49874d7cd8eaad6be45b27416,Extreme Greed,47791.25,13.67,42.35,5836132.71,3497
0xa0feb3725a9335f49874d7cd8eaad6be45b27416,Fear,12934.47,5.57,31.84,2722493.0,2324
0xa0feb3725a9335f49874d7cd8eaad6be45b27416,Greed,35098.88,8.53,33.75,4833683.86,4115
0xa0feb3725a9335f49874d7cd8eaad6be45b27416,Neutral,9467.02,1.75,31.95,6313359.24,5399
0xa520ded057a32086c40e7dd6ed4eb8efb82c00e0,Extreme Fear,-961.05,-192.21,0.0,1460.13,5
0xa520ded057a32086c40e7dd6ed4eb8efb82c00e0,Extreme Greed,46411.27,181.29,51.95,417993.96,256
0xa520ded057a32086c40e7dd6ed4eb8efb82c00e0,Fear,-16719.91,-380.0,6.82,313640.09,44
0xa520ded057a32086c40e7dd6ed4eb8efb82c00e0,Greed,44169.81,408.98,95.37,128086.16,108
0xa520ded057a32086c40e7dd6ed4eb8efb82c00e0,Neutral,-53.63,-13.41,0.0,629.06,4
0xae5eacaf9c6b9111fd53034a602c192a04e082ed,Extreme Fear,622.41,7.78,7.5,316665.65,80
0xae5eacaf9c6b9111fd53034a602c192a04e082ed,Extreme Greed,20925.51,110.13,55.26,643594.44,190
0xae5eacaf9c6b9111fd53034a602c192a04e082ed,Fear,8129.34,66.09,34.96,293743.3,123
0xae5eacaf9c6b9111fd53034a602c192a04e082ed,Greed,38168.35,224.52,44.71,423422.33,170
0xaf40fdc468c30116bd3307bcbf4a451a7ebf1deb,Extreme Fear,0.0,0.0,0.0,38053.98,17
0xaf40fdc468c30116bd3307bcbf4a451a7ebf1deb,Extreme Greed,15.24,3.05,20.0,8647.35,5
0xaf40fdc468c30116bd3307bcbf4a451a7ebf1deb,Fear,14542.7,31.96,32.75,3438057.09,455
0xaf40fdc468c30116bd3307bcbf4a451a7ebf1deb,Greed,43.2,8.64,40.0,9082.85,5
0xaf40fdc468c30116bd3307bcbf4a451a7ebf1deb,Neutral,7157.68,137.65,38.46,954481.99,52
0xb1231a4a2dd02f2276fa3c5e2a2f3436e6bfed23,Extreme Fear,9544.91,12.92,31.12,1240856.41,739
0xb1231a4a2dd02f2276fa3c5e2a2f3436e6bfed23,Extreme Greed,1105304.86,672.74,51.0,5161529.02,1643
0xb1231a4a2dd02f2276fa3c5e2a2f3436e6bfed23,Fear,93165.16,31.0,32.71,4792042.53,3005
0xb1231a4a2dd02f2276fa3c5e2a2f3436e6bfed23,Greed,534058.24,90.69,27.32,36284991.08,5889
0xb1231a4a2dd02f2276fa3c5e2a2f3436e6bfed23,Neutral,401309.43,116.09,37.81,9064146.19,3457
0xb899e522b5715391ae1d4f137653e7906c5e2115,Extreme Fear,-33221.81,-21.07,33.61,32610576.83,1577
0xb899e522b5715391ae1d4f137653e7906c5e2115,Fear,51692.36,17.54,51.1,68691467.31,2947
0xb899e522b5715391ae1d4f137653e7906c5e2115,Neutral,4017.95,12.8,27.39,7574996.96,314
0xbaaaf6571ab7d571043ff1e313a9609a10637864,Extreme Fear,261917.98,58.46,37.95,19924907.69,4480
0xbaaaf6571ab7d571043ff1e313a9609a10637864,Fear,620872.38,49.92,49.83,40734967.95,12437
0xbaaaf6571ab7d571043ff1e313a9609a10637864,Greed,4.67,0.93,20.0,356.17,5
0xbaaaf6571ab7d571043ff1e313a9609a10637864,Neutral,57368.78,13.44,47.1,7376108.43,4270
0xbd5fead7180a9c139fa51a103cb6a2ce86ddb5c3,Extreme Fear,37712.52,97.45,25.06,3876163.91,387
0xbd5fead7180a9c139fa51a103cb6a2ce86ddb5c3,Extreme Greed,6053.16,19.53,8.39,893183.5,310
0xbd5fead7180a9c139fa51a103cb6a2ce86ddb5c3,Fear,236797.73,200.51,49.87,10712789.22,1181
0xbd5fead7180a9c139fa51a103cb6a2ce86ddb5c3,Greed,30258.2,86.45,24.29,839231.03,350
0xbd5fead7180a9c139fa51a103cb6a2ce86ddb5c3,Neutral,-90302.55,-218.65,16.46,4416024.05,413
0xbee1707d6b44d4d52bfe19e41f8a828645437aab,Extreme Fear,30774.09,6.06,41.33,7342854.15,5079
0xbee1707d6b44d4d52bfe19e41f8a828645437aab,Extreme Greed,478811.47,71.22,59.63,16527882.25,6723
0xbee1707d6b44d4d52bfe19e41f8a828645437aab,Fear,55978.8,4.34,37.66,19395677.62,12901
0xbee1707d6b44d4d52bfe19e41f8a828645437aab,Greed,243399.51,33.17,46.47,17601612.08,7338
0xbee1707d6b44d4d52bfe19e41f8a828645437aab,Neutral,27116.68,3.33,34.78,13239784.34,8143
